current_pA,native_pulse_counts_by_steps,native_pre,native_pulse,native_post,detector_compatible_pulse,native_delayed_pulse,immediate_pulse,max_same_grid_crossing_error_ms,max_same_grid_detection_error_ms,max_same_grid_reset_u_error_pA,max_cross_grid_crossing_error_ms,max_cross_grid_detection_error_ms
100,"{20: 2, 40: 2, 80: 2}",0,2,0,2,2,2,0.33803928138320316,0.33750000000009095,0.02869900518282975,0.20482699795502413,0.21250000000009095
200,"{20: 4, 40: 4, 80: 4}",0,4,0,4,4,4,0.23428138996382586,0.25,0.10020935291540312,0.3267235095167962,0.3125
300,"{20: 9, 40: 9, 80: 9}",0,9,0,9,9,9,1.101644718300122,1.099999999999909,0.08788156618118137,0.9993118852562475,1.025000000000034
400,"{20: 11, 40: 11, 80: 11}",0,11,0,11,11,11,0.13051784669119115,0.15000000000009095,0.07960039315761946,1.125177834135343,1.1124999999999545
500,"{20: 13, 40: 13, 80: 13}",0,13,1,13,13,14,0.06231114168485874,0.0500000000001819,0.06423284093699522,0.10945099681271131,0.11249999999995453
600,"{20: 16, 40: 16, 80: 16}",0,16,0,16,16,16,0.004278966918036531,0.0,0.014669010575005359,0.08299335662718477,0.08749999999997726
700,"{20: 18, 40: 18, 80: 18}",0,18,0,18,18,18,0.02870751740169908,0.05000000000006821,0.10464316479499303,1.9583981355679043,2.0
800,"{20: 19, 40: 19, 80: 19}",0,19,1,19,19,20,0.03414626745018268,0.05000000000006821,0.19117310879107663,1.0949996029050908,1.1000000000001364
900,"{20: 21, 40: 21, 80: 21}",0,21,0,21,21,22,0.0016555147435610706,0.0,0.012179501904824974,0.9929980169210353,1.025000000000091
1000,"{20: 23, 40: 23, 80: 23}",0,23,0,23,23,23,0.0007968000129494612,0.012500000000045475,0.025810575932268875,0.056684900018922235,0.05000000000006821
