current_pA,native_pulse_count,paper_mean_Hz,paper_low_Hz,paper_high_Hz,native_minus_paper_low,native_minus_paper_high,visible_mean_difference,whole_recording_count
100,2.0,,0.0,1.2,0.8,2.0,,2
200,4.0,0.024509803921569557,0.0,0.192386410151455,3.807613589848545,4.0,3.9754901960784306,4
300,9.0,0.2757352941176471,0.10183299389002036,0.4502660663119116,8.549733933688088,8.89816700610998,8.724264705882353,9
400,11.0,1.8007557189542476,1.6089613034623218,1.9510847318870226,9.048915268112978,9.391038696537677,9.199244281045752,11
500,13.0,4.453329248366012,4.256619144602851,4.610655737704918,8.389344262295083,8.743380855397149,8.546670751633988,14
600,16.0,7.508619281045751,7.311608961303462,7.6844262295081975,8.315573770491802,8.688391038696537,8.49138071895425,16
700,18.0,10.28841911764706,10.081466395112017,10.471311475409836,7.528688524590164,7.918533604887983,7.711580882352941,18
800,19.0,12.9406454248366,12.729124236252545,13.135245901639346,5.864754098360654,6.270875763747455,6.0593545751634,20
900,21.0,15.150531045751634,14.928716904276985,15.348360655737705,5.6516393442622945,6.071283095723015,5.8494689542483655,21
1000,23.0,16.821425653594773,16.59877800407332,17.028688524590166,5.971311475409834,6.401221995926679,6.178574346405227,23
