"Source Subregion","Presynaptic Neuron Type","Target Subregion","Postsynaptic Neuron Type",g,tau_d,tau_r,tau_f,u,"Connection Probability","Synaptic Delay",CARLsim_default
CA1,"CA1 Basket",CA1,"CA1 Bistratified",2.887164690196078,5.061443542156862,584.4912283333338,21.421532299019624,0.27096595745098045,0.0044047045817104,1,Y
CA1,"CA1 Basket",CA1,"CA1 Basket CCK+",3.1026858568627453,4.22970396764706,576.2250426470589,27.3003417254902,0.2624719378431372,0.0044047045817104,1,Y
CA1,"CA1 Basket",CA1,"CA1 Pyramidal",6.067811613725492,4.408643738235294,637.3779262745095,11.576996274509805,0.2827683833333331,0.0064326945260721,1,Y
CA1,"CA1 Basket",CA1,"CA1 Basket",3.315200521568626,3.8314141705882356,635.5365306862744,15.095432365686278,0.2738522440196079,0.0044047045817104,1,Y
CA1,"CA1 Basket CCK+",CA1,"CA1 Bistratified",1.464067104803922,8.205527136274508,628.2474546078429,49.031716725490185,0.22919862421568624,0.0044047045817104,1,Y
CA1,"CA1 Basket CCK+",CA1,"CA1 Basket CCK+",1.3979355477450985,6.6724105313725515,638.8350600980391,89.13915000980391,0.21449526372549024,0.0044047045817104,1,Y
CA1,"CA1 Basket CCK+",CA1,"CA1 Pyramidal",1.6338498627450981,8.26169166372549,659.1560801960784,55.8025676372549,0.2309347873529412,0.0064326945260721,1,Y
CA1,"CA1 Basket CCK+",CA1,"CA1 Basket",1.2361617936274507,6.961632328431374,752.2001855882357,53.15475426470587,0.22683591343137266,0.0044047045817104,1,Y
CA1,"CA1 Bistratified",CA1,"CA1 Basket",1.469428252941177,7.451818541176473,776.2305411764705,12.419777011764706,0.26181352794117646,0.0071314453986606186,1,N
CA1,"CA1 Bistratified",CA1,"CA1 Bistratified",1.461626916372549,10.1731009745098,709.9692541176471,14.322657779411768,0.26501679284313706,0.007258128187610846,1,N
CA1,"CA1 Bistratified",CA2,"CA2 Wide-Arbor Basket",1.3623932051960783,8.24554169901961,1020.5305101960784,18.523283803921565,0.12483548527450981,0.0005471906814706884,1,N
CA1,"CA1 Bistratified",CA1,"CA1 Basket CCK+",1.5782353313725497,7.996295433333333,546.2435103921567,40.08819018627452,0.2556206293137256,0.007264193582762535,1,N
CA1,"CA1 Bistratified",CA1,"CA1 Pyramidal",1.4388733003921568,11.288928799019605,1164.2854925490196,9.208561311764704,0.28025832745098034,0.007081844533293413,1,N
CA1,"CA1 Pyramidal",CA1,"CA1 Bistratified",2.155417698039216,3.3941988441176454,242.46823401960782,45.77509046078431,0.22523675656862738,0.001076695274563666,1,N
CA1,"CA1 Pyramidal",CA1,"CA1 Basket CCK+",1.8896122235294122,2.7708992598039206,170.3265275980392,200.09456739215676,0.24875159549019613,0.001058304366849283,1,N
CA1,"CA1 Pyramidal",CA1,"CA1 Pyramidal",1.3107245642156866,6.489890385294117,801.5798994117644,19.09393260294117,0.22033490568627456,0.001271509165845952,1,N
CA1,"CA1 Pyramidal",LEC,"LEC LIII Multipolar Principal",1.4264857872549015,4.07049910882353,290.5227371078433,77.06948282352947,0.1636891701078431,0.0084661227921748,1,Y
CA1,"CA1 Pyramidal",CA1,"CA1 Basket",1.3509685960784312,3.1634165147058826,327.25966607843134,76.85776536274507,0.20007894313725486,0.0012042999468255822,1,N
CA2,"CA2 Basket",CA2,"CA2 Pyramidal",3.9773689382352937,6.247247049019609,580.6886734313729,10.610652687254902,0.2746729585294117,0.0064326945260721,1,Y
CA2,"CA2 Basket",CA2,"CA2 Basket",2.7822856999999996,5.413308049019609,508.30518313725486,28.25265529411764,0.26173930931372535,0.0044047045817104,1,Y
CA2,"CA2 Basket",CA2,"CA2 Wide-Arbor Basket",1.7335523725490196,5.796731505882351,778.5506455882357,22.395223632352952,0.11482777465686271,0.0044047045817104,1,Y
CA2,"CA2 Basket",CA2,"CA2 Bistratified",2.0579831078431368,5.590515621568628,504.1107026470589,22.742719392156868,0.23874925156862747,0.0044047045817104,1,Y
CA2,"CA2 Basket",CA2,"CA2 SP-SR",1.7022720539215688,5.005682949019609,694.1541183333336,26.432457970588228,0.2403911561764706,0.0044047045817104,1,Y
CA2,"CA2 Bistratified",CA2,"CA2 Pyramidal",4.581329416666669,5.701345359803921,588.6480121568629,9.999401755882356,0.27563420745098044,0.08167983129439771,1,N
CA2,"CA2 Bistratified",CA2,"CA2 Basket",3.1645004980392155,4.92753858235294,510.17519323529405,27.008596333333344,0.2614465262745099,0.08287461826910658,1,N
CA2,"CA2 Bistratified",CA1,"CA1 Bistratified",2.103897749999999,6.2629574764705875,556.3963394117645,17.168490691176476,0.24685462107843142,0.0044047045817104,1,Y
CA2,"CA2 Bistratified",CA2,"CA2 Wide-Arbor Basket",1.8644422446078424,5.424973125490196,766.9464840196075,21.68094837254902,0.11172082724509799,0.08005011896578751,1,N
CA2,"CA2 Bistratified",CA1,"CA1 Basket CCK+",2.295459690196078,4.924674880392157,538.246228627451,31.886453196078442,0.24557600431372548,0.0044047045817104,1,Y
CA2,"CA2 Bistratified",CA2,"CA2 Bistratified",2.2882141450980393,5.116816012745096,508.26939764705884,21.666661009803924,0.2382584749019608,0.09950658396784695,1,N
CA2,"CA2 Bistratified",CA2,"CA2 SP-SR",1.8711449941176468,4.613881323529413,678.4808956862745,25.424306926470585,0.23871450754901957,0.08407634114305151,1,N
CA2,"CA2 Bistratified",CA1,"CA1 Pyramidal",2.2115196911764707,7.142121001960785,711.0538798039217,11.229552491176467,0.2502392910784312,0.0064326945260721,1,Y
CA2,"CA2 Bistratified",CA1,"CA1 Basket",1.9577681546078434,5.119811890196079,622.9347492156863,15.397211886274505,0.24385737186274517,0.0044047045817104,1,Y
CA2,"CA2 Pyramidal",CA2,"CA2 Pyramidal",2.5440557539215676,3.4231117598039202,215.28307343137257,102.01742285294115,0.2887226262745099,0.030908317834903,1,N
CA2,"CA2 Pyramidal",CA1,"CA1 Bistratified",1.8853904872549019,4.119105360784314,282.6695063333334,53.30909201960784,0.26038196500000005,0.025602090327574,1,Y
CA2,"CA2 Pyramidal",CA2,"CA2 Basket",4.442166562745096,2.459113655882353,138.68263594117653,163.5517779411765,0.3710014066666665,0.031593940949846355,1,N
CA2,"CA2 Pyramidal",CA2,"CA2 Wide-Arbor Basket",1.4332127333333327,4.071242985294118,1270.70922745098,30.878478784313735,0.040344377156862746,0.028730227895285787,1,N
CA2,"CA2 Pyramidal",CA1,"CA1 Basket CCK+",1.9809177637254907,3.2616770901960805,261.3582792156863,109.19435904901965,0.2639797778431373,0.025602090327574,1,Y
CA2,"CA2 Pyramidal",CA2,"CA2 Bistratified",2.322999557843137,2.473306369607843,143.15535842156868,122.67293350980394,0.2879578388235294,0.046816837968892244,1,N
CA2,"CA2 Pyramidal",CA2,"CA2 SP-SR",1.3639958983333333,2.7184253245098042,866.7414407843138,43.22013284313723,0.2491073164705883,0.03412228821554508,1,N
CA2,"CA2 Pyramidal",CA1,"CA1 Pyramidal",1.599495870588236,5.551110058823532,494.48744137254914,35.86985992156861,0.24291311970588242,0.0084661227921748,1,Y
CA2,"CA2 Pyramidal",CA3,"CA3 Pyramidal",1.451092906862745,5.54090443627451,228.17388686274506,71.25039673529413,0.20832310901960782,0.0084661227921748,1,Y
CA2,"CA2 Pyramidal",CA1,"CA1 Basket",1.5504239329411764,3.591727284313726,330.90846754901963,66.95639193137254,0.2387691498039217,0.025602090327574,1,Y
CA2,"CA2 SP-SR",CA2,"CA2 Pyramidal",2.8723030509803924,6.2250330637254905,570.8726222549021,11.445285519607845,0.2658972354901959,0.02124822330167153,1,N
CA2,"CA2 SP-SR",CA2,"CA2 Basket",2.2946439078431378,5.671299204901961,508.6368913725489,28.012460264705883,0.2521857962745099,0.018541397614546762,1,N
CA2,"CA2 SP-SR",CA2,"CA2 Wide-Arbor Basket",1.580481555294118,5.8641031205882355,776.3042073529415,22.74987932352941,0.11093411740196076,0.014167372017220403,1,N
CA2,"CA2 SP-SR",CA2,"CA2 Bistratified",1.801090278921568,5.7037459696078425,498.3434593137253,23.48564111764705,0.23251342803921551,0.02567438573882086,1,N
CA2,"CA2 SP-SR",CA2,"CA2 SP-SR",1.5405225114705883,5.116937400980391,687.8390543137257,26.776480745098038,0.23395657470588244,0.024149422428933698,1,N
CA2,"CA2 Wide-Arbor Basket",CA2,"CA2 Pyramidal",3.491789652941177,7.4788244705882345,561.7888334313725,10.62084193627451,0.2751254996078432,0.0064326945260721,1,Y
CA2,"CA2 Wide-Arbor Basket",CA1,"CA1 Bistratified",1.824414623529411,7.782139095098046,535.1137860784313,16.96707516666667,0.252173254607843,0.0044047045817104,1,Y
CA2,"CA2 Wide-Arbor Basket",CA2,"CA2 Basket",2.5358210843137257,6.308257726470586,485.1804490196079,27.326863024509798,0.2636302351960784,0.0044047045817104,1,Y
CA2,"CA2 Wide-Arbor Basket",CA2,"CA2 Wide-Arbor Basket",1.637535855294118,6.5456561205882355,751.3956239215688,21.925625651960775,0.11538423486274509,0.0044047045817104,1,Y
CA2,"CA2 Wide-Arbor Basket",CA1,"CA1 Basket CCK+",1.9536794725490192,6.105718630392155,520.5695077450978,31.600962774509803,0.24792013568627452,0.0044047045817104,1,Y
CA2,"CA2 Wide-Arbor Basket",CA2,"CA2 Bistratified",1.9164761333333338,6.452488187254902,477.8827194117646,22.540807514705893,0.24019207196078432,0.0044047045817104,1,Y
CA2,"CA2 Wide-Arbor Basket",CA2,"CA2 SP-SR",1.610719369215687,5.7836753519607855,661.442187843137,25.550349950980387,0.23986317558823533,0.0044047045817104,1,Y
CA2,"CA2 Wide-Arbor Basket",CA1,"CA1 Pyramidal",1.771935530392157,8.505872899019609,734.0293079411765,11.780178634313723,0.2498810188235294,0.0064326945260721,1,Y
CA2,"CA2 Wide-Arbor Basket",CA3,"CA3 Pyramidal",1.5149534736274506,9.14868708137255,466.69040147058826,21.570297725490207,0.2072309055882353,0.0064326945260721,1,Y
CA2,"CA2 Wide-Arbor Basket",CA1,"CA1 Basket",1.6693386359803928,6.3705870852941135,600.7236687254901,15.736629881372549,0.24512881303921571,0.0044047045817104,1,Y
CA3,"CA3 Pyramidal",CA2,"CA2 Pyramidal",1.3173580093137258,6.088500132352945,385.28406637254903,26.37611124019608,0.2223897477450981,0.10385675220818946,1,N
CA3,"CA3 Pyramidal",CA1,"CA1 Bistratified",1.1505421574509802,6.184627383333333,369.3806702941176,27.564370725490193,0.21321533480392163,0.08355271159211242,1,N
CA3,"CA3 Pyramidal",CA2,"CA2 Basket",1.4837599844117648,5.103022956862744,284.58650033333333,50.781702803921554,0.23457331794117642,0.08446354148448376,1,N
CA3,"CA3 Pyramidal",CA2,"CA2 Wide-Arbor Basket",0.9616799643137252,5.700637369607843,817.5336441176469,28.290380960784315,0.07179183264705884,0.0649236419954804,1,N
CA3,"CA3 Pyramidal",CA1,"CA1 Basket CCK+",1.2151398422549022,4.833858548039216,330.91051965686273,61.43867292156863,0.226501332745098,0.10227211452696461,1,N
CA3,"CA3 Pyramidal",CA2,"CA2 Bistratified",1.0860696320588237,5.199340285294118,273.1998184313724,41.68291223529412,0.20310864862745107,0.08318195921279614,1,N
CA3,"CA3 Pyramidal",CA2,"CA2 SP-SR",0.9092608443137254,4.965136461764705,622.7361418627451,32.56388835294117,0.19677668460784323,0.07011345905211575,1,N
CA3,"CA3 Pyramidal",CA1,"CA1 Pyramidal",1.021220696176471,7.463702539215686,724.3667977450979,18.010057892156862,0.2018479389215687,0.1667247620201311,1,N
CA3,"CA3 Pyramidal",CA3,"CA3 Pyramidal",0.6030019307843139,9.515857529411766,278.2582848039217,27.51301394117648,0.17242307448039212,0.010336059810539422,1,N
CA3,"CA3 Pyramidal",CA1,"CA1 Basket",0.9086534928431373,5.394005966666666,440.1190680392156,29.690234813725482,0.198996085,0.1374657560654755,1,N
EC,"EC LI-II Pyramidal-Fan",MEC,"MEC LIII Complex Pyramidal",1.4633189177450987,5.116522875490197,417.4889948039216,46.0797118235294,0.21219127627450982,0.0023020631742544095,1,N
EC,"EC LI-II Pyramidal-Fan",LEC,"LEC LIII Complex Pyramidal",1.4437947283333332,5.047408509803921,409.4879158823529,46.684851715686285,0.2090426457843138,0.002507913268949946,1,N
EC,"EC LI-II Pyramidal-Fan",EC,"EC LI-II Pyramidal-Fan",1.3779456049019614,5.181288638235296,359.49559800000014,57.715056999999995,0.22361678431372553,0.001519138493531691,1,N
EC,"EC LI-II Pyramidal-Fan",LEC,"LEC LIII Multipolar Principal",1.4308643432352939,5.065752435294118,410.127273627451,46.48870748039214,0.21043775313725496,0.0015510055283516344,1,N
EC,"EC LI-II Pyramidal-Fan",MEC,"MEC LII Stellate",1.2304353515686275,5.556460312745099,496.5414009803922,44.437966480392134,0.19254253176470593,0.003991905059432921,1,N
LEC,"LEC LIII Complex Pyramidal",LEC,"LEC LIII Complex Pyramidal",1.509540614803922,4.7061657676470565,349.05693333333335,44.667828823529405,0.20713599107843148,0.005706920462879572,1,N
LEC,"LEC LIII Complex Pyramidal",EC,"EC LI-II Pyramidal-Fan",1.4169130757843136,4.82920914607843,323.0282187254902,50.49777685294119,0.21785406029411764,0.0005027148833244288,1,N
LEC,"LEC LIII Complex Pyramidal",LEC,"LEC LIII Multipolar Principal",1.4980598699019607,4.718189268627449,349.28108750980385,44.29627997058823,0.2083180652941177,0.006498177952157014,1,N
LEC,"LEC LIII Multipolar Principal",LEC,"LEC LIII Complex Pyramidal",1.4969851850980394,4.726062066666665,347.0812617647059,44.41458846078431,0.20698693852941175,0.007756296583427136,1,N
LEC,"LEC LIII Multipolar Principal",EC,"EC LI-II Pyramidal-Fan",1.4064436785294114,4.845695602941176,321.10477807843125,50.28988525490195,0.21764790362745104,0.0012609166286199347,1,N
LEC,"LEC LIII Multipolar Principal",LEC,"LEC LIII Multipolar Principal",1.4852631156862741,4.740366807843137,347.1239145686275,44.032787137254914,0.20819830637254902,0.007203753327784224,1,N
MEC,"MEC LII Stellate",CA2,"CA2 Pyramidal",2.1476304960784307,4.788581445098041,328.3802538235294,45.805902774509796,0.25328488754901973,0.0084661227921748,1,Y
MEC,"MEC LII Stellate",CA2,"CA2 Basket",2.2838939294117644,3.7067047117647047,211.5923100980392,92.54907797058823,0.29302415519607855,0.025602090327574,1,Y
MEC,"MEC LII Stellate",CA2,"CA2 Wide-Arbor Basket",1.251986324117647,4.439297856862745,931.7522107843133,33.15505301960784,0.05858084293137254,0.025602090327574,1,Y
MEC,"MEC LII Stellate",MEC,"MEC LIII Complex Pyramidal",1.3415033507843144,4.784514483333332,339.6140412745097,49.68983409803925,0.20634285401960786,0.021892514724891177,1,N
MEC,"MEC LII Stellate",EC,"EC LI-II Pyramidal-Fan",1.2042947216666666,4.749272996078431,313.17198485294114,54.608230833333344,0.22179475058823522,0.004846286188364912,1,N
MEC,"MEC LII Stellate",CA3,"CA3 Pyramidal",1.0650208156862744,6.549624289215686,258.31758480392153,53.47798540196078,0.1840497938333333,0.0084661227921748,1,Y
MEC,"MEC LIII Complex Pyramidal",MEC,"MEC LIII Complex Pyramidal",1.5133451864705882,4.836878275490196,351.61356215686266,44.21694312745099,0.20868887852941173,0.01315151868464104,1,N
MEC,"MEC LIII Complex Pyramidal",EC,"EC LI-II Pyramidal-Fan",1.3953807789215686,4.920026887254902,319.8566537254901,50.74731101960782,0.2147235006862745,0.0013196628205315308,1,N
MEC,"MEC LIII Complex Pyramidal",MEC,"MEC LII Stellate",1.349762347254902,5.082742733333334,354.93931588235296,43.46183162745099,0.20377627509803928,0.011240171454607095,1,N
