"Neuron Type",E/I,rank,"Population Size","Izh C","Izh k","Izh Vr","Izh Vt","Izh a","Izh b","Izh Vpeak","Izh Vmin","Izh d","Refractory Period",CARLsim_default
"CA1 Basket",i,2,819,114.0,1.1940578421030459,-57.62668762179336,-35.52987434112279,0.004606159459475789,0.2156666048575886,21.72459043497596,-48.69993293547014,2.0,1,N
"CA1 Bistratified",i,2,1962,107.0,3.935030495,-64.67262808,-58.74397154,0.001952449,16.57957046,-9.928793958,-59.70326258,19.0,1,N
"CA1 Pyramidal",e,1,388637,334.0,1.562602333248332,-69.36063747065954,-53.22443826486653,0.0005,-17.245032831371105,25.46083139737,-60.2160530192722,16.0,1,N
"CA2 Basket",i,3,105,150.0,5.121746081,-70.31272624,-49.91020428,0.011996589,-28.47889883,-10.27227079,-57.08015877,132.0,1,N
"CA2 Bistratified",i,3,79,118.0,0.7981262953058378,-74.10259821671264,-40.19407963284318,0.007629998840749039,4.754906330672338,11.463619329325923,-53.61371159297946,4.0,1,N
"CA2 Pyramidal",e,3,18956,1630.0,5.9432435,-72.58829,-58.78362,0.0011350543,-15.885261,19.99006,-62.646779,74.0,1,N
"CA2 SP-SR",i,4,94,226.0,3.590881992054694,-71.92485578870804,-57.051966938244945,0.002631041334055018,48.43475310353249,-6.496991814779392,-66.93755750926377,64.0,1,N
"CA2 Wide-Arbor Basket",i,4,147,148.0,0.5091971464502671,-63.20239904390986,-32.844733938667325,0.0058976702112141875,-2.1606387585157307,35.00602802982106,-38.3329533912991,66.0,1,N
"CA3 Pyramidal",e,1,183844,366.0,0.7923387037895819,-63.204400817165585,-33.604173312426795,0.008383503340982795,-42.552477688392884,35.86146485587269,-38.868099029409194,588.0,1,N
"EC LI-II Pyramidal-Fan",e,3,86816,539.0,0.9387001205385692,-50.044755761255395,-46.536862548072556,0.010467107012361344,-0.3158968389558332,29.21947467654389,-50.62645030087222,283.0,1,N
"LEC LIII Complex Pyramidal",e,5,16910,250.0,0.31324950999066914,-64.62085879416324,-35.31711857497933,0.0006,-3.358964718201811,5.800988307836562,-48.634928349841175,11.0,1,N
"LEC LIII Multipolar Principal",e,5,9320,250.0,0.31324950999066914,-64.62085879416324,-35.31711857497933,0.0006,-3.358964718201811,5.800988307836562,-48.634928349841175,11.0,1,N
"MEC LII Stellate",e,1,10818,118.0,0.6184380916765625,-58.53106324064597,-43.51683183129753,0.004821176339075235,11.688739717620688,11.482580030790679,-49.5218067494078,3.0,1,N
"MEC LIII Complex Pyramidal",e,5,7373,407.0,0.9533773758508639,-59.01310970806863,-39.00521245938936,0.028146831267297667,-21.985201656959987,21.506520944059638,-38.578579093395575,805.0,1,N
